{"cameraMode":{"drawMode":0,"name":"Shaded","section":"Shading Mode"},"sceneLighting":true,"audioPlay":false,"sceneViewState":{"showFog":true,"showMaterialUpdate":false,"showSkybox":true,"showFlares":true,"showImageEffects":true,"showParticleSystems":true},"in2DMode":false,"pivot":{"x":-1.8953121900558472,"y":1.3866440057754517,"z":5.233085632324219},"rotation":{"x":-0.02430720441043377,"y":0.002096621785312891,"z":-0.00005099075133330189,"w":-0.9997022747993469},"size":13.369694709777832,"orthographic":false}